CHRISTIAN PENTACOSTAL CHURCH,Food Pantry,"900 Richmond Rd, Staten Island, NY 10304, USA",40.6048583,-74.0920303,None
Christ Apostolic Church WOSEM Citadel of God Almighty,Food Pantry,"442 E 183rd St, Bronx, NY 10457, USA",40.8555793,-73.8941869,None
"CHURCH AVENUE MERCHANTS BLOCK ASSOC., INC/CAMBA FOOD PANTRY",Food Pantry,"1720 Church Ave, Brooklyn, NY 11226, USA",40.6490908,-73.9633697,None
CHURCH OF GOD OF SALVATION,Food Pantry,"1615 Nostrand Ave., Brooklyn, NY 11226, USA",40.6466741,-73.9488895,None
"CHURCH OF GOD, INC.",Food Pantry,"1011 Winthrop St, Brooklyn, NY 11212, USA",40.6602648,-73.9261148,None
Christina Home Care Food Pantry,Food Pantry,"120-13 Liberty Ave, Queens, NY 11419, USA",40.6870025,-73.8227417,None
CHURCH OF THE ATONEMENT FOOD PANTRY,Food Pantry,,-,-,None
CITY HARVEST - MARINER'S HARBOR MOBILE MARKET,Food Pantry,"22 Roxbury St, Staten Island, NY 10303, USA",40.6328169,-74.1628204,None
THE COMMUNITY FOOD PANTRY,Food Pantry,"1363 Ogden Ave, Bronx, NY 10452, USA",40.8417038,-73.9249297,None
"EVERY DAY IS A MIRACLE, INC",Food Pantry,"2427 Morris Ave, Bronx, NY 10468, USA",40.8613146,-73.900376,None
"UNIVERSITY COMMUNITY SOCIAL SERVICES, INC",Food Pantry,"137 E 2nd St, New York, NY 10009, USA",40.7230138,-73.9863775,None
UJC OF THE EAST SIDE,Food Pantry,"15-17 Willett St, New York, NY 10002, USA",40.7158448,-73.9832935,None
CITY HARVEST - STAPLETON MOBILE MARKET,Food Pantry,"75 Hill St, Staten Island, NY 10304, USA",40.6221226,-74.0805633,None
CITY HARVEST MOBILE MARKET - DYCKMAN HOUSES,Food Pantry,"Nagle Ave, New York, NY, USA",40.8613366,-73.9255976,None
CITY HARVEST MOBILE MARKET - QUEENSBRIDGE HOUSES,Food Pantry,"10-25 41st Ave, Queens, NY 11101, USA",40.7555154,-73.9445939,None
COMMUNITY SERVICES HOUSING DEVELOPMENT CORP.,Food Pantry,"547 Howard Ave, Brooklyn, NY 11212, USA",40.6690096,-73.9198204,None
New York City Relief,Food Pantry,"227 Bowery, New York, NY 10002, USA",40.7220889,-73.9931083,None
Catholic Charities St. John's Food Pantry,Food Pantry,"333 Hart St, Brooklyn, NY 11206, USA",40.6948489,-73.9363695,None
City Harvest Bed-Stuy Mobile Market,Food Pantry,"Throop Ave, Brooklyn, NY, USA",40.6923678,-73.9428128,None
Iglesia Cristiana Pentecostal La Hermosa,Food Pantry,"3161 Fulton St, Brooklyn, NY 11208, USA",40.682091,-73.8784098,None
The Relief Bus - Chelsea Park,Food Pantry,"Park Ave. between 124th and, W 125th St, New York, NY 10027, USA",40.804646,-73.9392231,None
"Manna of Life Ministries, Inc.",Food Pantry,"578 E 166th St, Bronx, NY 10456, USA",40.8274358,-73.9056808,None
Bronx Community College,Food Pantry,"2155 University Ave, Bronx, NY 10453, USA",40.8575301,-73.9128739,None
EAST NEW YORK WESLEYAN CHURCH/NEW HOPE FAMILY WORSHIP CENTER,Food Pantry,"817 Livonia Ave, Brooklyn, NY 11207, USA",40.6660724,-73.8860973,None
EBENEZER WESLEYAN METHODIST CHURCH,Food Pantry,"1024 Bergen St, Brooklyn, NY 11216, USA",40.6759658,-73.9523529,None
E JOY COMMUNITY RESOURCE CENTER,Food Pantry,"56 Orchard St, Roslyn Heights, NY 11577, USA",40.7905903,-73.6428131,None
FELLOWSHIP COVENANT CHURCH,Food Pantry,"720 Castle Hill Ave, Bronx, NY 10473, USA",40.8216652,-73.8482539,None
BRC Glass Factory,Food Pantry,"139 Avenue D, New York, NY 10009, USA",40.7247162,-73.9755662,None
The Relief Bus - Harlem,Food Pantry,"Park Ave. between 124th and, W 125th St, New York, NY 10027, USA",40.804646,-73.9392231,None
DEPARTMENT OF PROBATION BROOKLYN OFFICE,Food Pantry,"345 Adams St, Brooklyn, NY 11201, USA",40.6926158,-73.9884206,None
DEPARTMENT OF PROBATION QUEENS OFFICE,Food Pantry,"16224 Jamaica Ave, Jamaica, NY 11432, USA",40.7042046,-73.7968826,None
GUTTMAN COMMUNITY COLLEGE CAMPUS PANTRY,Food Pantry,"50 W 40th St, New York, NY 10018, USA",40.7529144,-73.9840619,None
THE LEGACY CENTER COMMUNITY DEVELOPMENT CORP,Food Pantry,"71-02 Cypress Hills St, Flushing, NY 11385, USA",40.7014923,-73.892382,None
CITY HARVEST - MELROSE MOBILE MARKET,Food Pantry,"286 E 156th St, Bronx, NY 10451, USA",40.821733,-73.9203213,None
MOBILE FOOD PANTRY,Food Pantry,"5031,6, 2220 E 17th St, Des Moines, IA 50316, USA",41.6144081,-93.5923699,None
FIRST PRESBYTERIAN RUSSELL SAGE MEMORIAL CHURCH OF FAR ROCKAWAY,Food Pantry,"896 Central Ave, Far Rockaway, NY 11691, USA",40.6096769,-73.7470042,None
NARROW DOOR I.M.C.,Food Pantry,"161 Sherman Ave, New York, NY 10034, USA",40.8644536,-73.9227095,None
GETHSEMANE BAPTIST CHURCH,Food Pantry,"771 Fairmount Pl, Bronx, NY 10460, USA",40.8430848,-73.8894735,None
GETHSEMANE SDA CHURCH,Food Pantry,"357 Empire Blvd, Brooklyn, NY 11225, USA",40.66414,-73.9498808,None
GOD'S BATTALION OF PRAYER CHURCH,Food Pantry,"661 Linden Blvd, Brooklyn, NY 11203, USA",40.6537438,-73.9340236,None
St. Luke's Lutheran Church,Food Pantry,"308 W 46th St, New York, NY 10036, USA",40.7600066,-73.9886907,None
Flow Kingdom Ministries,Food Pantry,"901 E Tremont Ave, Bronx, NY 10460, USA",40.8422825,-73.8844825,None
"Bronx Gull Gospel Tabernacle, Inc.",Food Pantry,"4221 Park Ave, Bronx, NY 10457, USA",40.8481629,-73.899387,None
Bethel Prayer Ministries International USA,Food Pantry,"4262 3rd Ave., Bronx, NY 10457, USA",40.8479394,-73.8953747,None
DIVINE FOOD PANTRY,Food Pantry,"213-31 99th Ave, Queens Village, NY 11429, USA",40.7147913,-73.7445542,None
THE FLOW KINGDOM MINISTRIES,Food Pantry,"901 E Tremont Ave, Bronx, NY 10460, USA",40.8422825,-73.8844825,None
The Relief Bus - Bronx Brook Ave.,Food Pantry,"Park Ave. between 124th and, W 125th St, New York, NY 10027, USA",40.804646,-73.9392231,None
THE SALVATION ARMY TREMONT CORPS,Food Pantry,"2121 Washington Ave, Bronx, NY 10457, USA",40.852352,-73.8955889,None
TOLENTINE ZEISER COMMUNITY LIFE,Food Pantry,"2345 University Ave, Bronx, NY 10468, USA",40.8619469,-73.9059188,None
EBENEZER SEVENTH DAY ADVENTIST CHURCH,Food Pantry,"1234 E New York Ave, Brooklyn, NY 11212, USA",40.6674866,-73.9213303,None
THE SALVATION ARMY SUNSET PARK CORPS,Food Pantry,"520 50th St, Brooklyn, NY 11220, USA",40.6446242,-74.009934,None
CORNERSTONE BAPTIST FOOD PANTRY,Food Pantry,"574 Madison St, Brooklyn, NY 11221, USA",40.6863815,-73.9350983,None
CROWN HEIGHTS JEWISH COMMUNITY COUNCIL,Food Pantry,"877 Montgomery St, Brooklyn, NY 11213, USA",40.664829,-73.935665,None
"HOLY TEMPLE CHURCH, INC",Food Pantry,"136-25 Springfield Blvd, Springfield Gardens, NY 11413, USA",40.6771016,-73.7550854,None
THE SALVATION ARMY BROWNSVILLE CORPS,Food Pantry,"280 Riverdale Ave, Brooklyn, NY 11212, USA",40.6612069,-73.9064859,None
Bronx Bible Church,Food Pantry,"1326 Morrison Ave, Bronx, NY 10472, USA",40.8326733,-73.8750999,None
HOREB SDA COMMUNITY SERVICES,Food Pantry,"520 Kingston Ave # A, Brooklyn, NY 11225, USA",40.6610592,-73.9428063,None
Bronx JCC,Food Pantry,"2157 Holland Ave, Bronx, NY 10462, USA",40.855316,-73.866027,None
Hour Children Food Pantry,Food Pantry,"36-11 12th St, Queens, NY 11106, USA",40.760322,-73.939145,None
Iglesia Alianza Cristiana Misionera Ebenezer,Food Pantry,"43-02 38th St, Long Island City, NY 11101, USA",40.7457409,-73.9268499,None
Agatha House Foundation,Food Pantry,"4471 Mundy Ln, Bronx, NY 10466, USA",40.9025842,-73.8411482,None
Sephardic Bikur Holim,Food Pantry,"425 Kings Hwy, Brooklyn, NY 11223, USA",40.6046061,-73.9748673,None
Church of God in Christ on the Hill,Food Pantry,"137 Buffalo Ave, Brooklyn, NY 11213, USA",40.6745463,-73.9246385,None
INSPIRATIONAL GOSPEL ASSEMBLY,Food Pantry,"1211 Brook Ave, Bronx, NY 10456, USA",40.8313843,-73.9093929,None
JEWISH COMMUNITY COUNCIL OF CANARSIE   #1,Food Pantry,,-,-,None
JEWISH COMMUNITY COUNCIL OF THE ROCKAWAY PENINSULA,Food Pantry,"1525 Central Ave #1, Far Rockaway, NY 11691, USA",40.605211,-73.751506,None
TRINITY HUMAN SERVICE CORPORATION,Food Pantry,"153 Johnson Ave, Brooklyn, NY 11206, USA",40.7065875,-73.9443185,None
ST. IGNATIUS EPISCOPAL CHURCH,Food Pantry,"552 West End Ave, New York, NY 10024, USA",40.7892501,-73.97708,None
Christ The Rock Church International,Food Pantry,"770 Glenmore Ave, Brooklyn, NY 11208, USA",40.6751612,-73.8818872,None
Act of Faith Ministries,Food Pantry,"141 Manhattan Ave, Brooklyn, NY 11206, USA",40.7076469,-73.9450848,None
Overcoming Love Ministries - Pulaski Family Residence,Food Pantry,"228 Pulaski St, Brooklyn, NY 11206, USA",40.692919,-73.94239,None
Grace Reformed Church of Flatbush,Food Pantry,"1800 Bedford Ave, Brooklyn, NY 11225, USA",40.661352,-73.9571704,None
Cornerstone Baptist Church,Food Pantry,"574 Madison St, Brooklyn, NY 11221, USA",40.6863403,-73.9354858,None
St. Francis of Assisi,Food Pantry,"135 W 31st St, New York, NY 10001, USA",40.7487462,-73.9907844,None
MAKE THE ROAD NEW YORK,Food Pantry,"301 Grove St, Brooklyn, NY 11237, USA",40.698427,-73.915796,None
MAKE THE ROAD NEW YORK,Food Pantry,"92-10 Roosevelt Ave, Queens, NY 11372, USA",40.7484323,-73.8741462,None
METROPOLITAN COUNCIL ON JEWISH POVERTY,Food Pantry,"5361 Preston Ct, Brooklyn, NY 11234, USA",40.6387251,-73.9237121,None
Abraham Residence II (Met Council Project),Food Pantry,"3811 Surf Ave, Brooklyn, NY 11224, USA",40.57501,-74.005786,None
Grand Central Food Program - 79th St. Boat Basin,Food Pantry,"Grand Central Terminal, 89 E 42nd St, New York, NY 10017, USA",40.7527262,-73.9772294,None
Grand Central Food Program - SONY Building,Food Pantry,"Grand Central Terminal, 89 E 42nd St, New York, NY 10017, USA",40.7527262,-73.9772294,None
COALITION FOR THE HOMELESS,Food Pantry,"129 Fulton St, New York, NY 10038, USA",40.7102655,-74.0073925,None
ST. AUGUSTINE'S CHURCH,Food Pantry,"116 6th Ave, Brooklyn, NY 11217, USA",40.6784467,-73.9764902,None
NAT'L COMM. FOR FUTH. OF JEWISH ED.(UC),Food Pantry,"824 Eastern Pkwy, Brooklyn, NY 11213, USA",40.6688654,-73.9410567,None
ONE WAY CHURCH OF CHRIST,Food Pantry,"21611 Merrick Blvd, Laurelton, NY 11413, USA",40.6802944,-73.7522326,None
Bukharan Jewish Community Center Of Briarwood,Food Pantry,"13906 86th Ave, Jamaica, NY 11435, USA",40.7077555,-73.8165284,None
NEWMAN MEMORIAL UNITED METHODIST CHURCH COMMUNITY DEVELOPMENT CORPORATION,Food Pantry,"257 Macon St, Brooklyn, NY 11216, USA",40.682274,-73.941095,None
Grand Central Food Program - Penn Station,Food Pantry,"Grand Central Terminal, 89 E 42nd St, New York, NY 10017, USA",40.7527262,-73.9772294,None
Grand Central Food Program - Union Square,Food Pantry,"1701 Wynkoop St, Denver, CO 80202, USA",39.7531499,-105.0001518,None
Hannah Kosher Food Shabbat Foundation,Food Pantry,"2102 Avenue T, Brooklyn, NY 11229, USA",40.6015856,-73.950548,None
New York City Relief,Food Pantry,"New York, NY, USA",40.7127753,-74.0059728,None
THE FATHER'S HEART MINISTRIES,Food Pantry,"545 E 11th St, New York, NY 10009, USA",40.727773,-73.979868,None
ST. AUGUSTINE FOOD PANTRY,Food Pantry,"St. Augustine, FL, USA",29.9012437,-81.3124341,None
MOVEMENT OF PENTECOSTAL CHRISTIAN CHURCH,Food Pantry,"90-92 Summit St, Brooklyn, NY 11231, USA",40.6820189,-74.00361,None
CORNERSTONE SEVENTH DAY ADVENTIST CHURCH,Food Pantry,"138 Pennsylvania Ave, Brooklyn, NY 11207, USA",40.6744942,-73.8970012,None
GRAND CENTRAL NEIGHBORHOOD SOCIAL SERVICE CORP.,Food Pantry,"120 E 32nd St, New York, NY 10016, USA",40.7452185,-73.9814804,None
HOLY INNOCENTS,Food Pantry,"279 E 17th St, Brooklyn, NY 11226, USA",40.64426,-73.9625246,None
PRODIGAL CENTER,Food Pantry,"709 Tiffany St, Bronx, NY 10474, USA",40.8141952,-73.8914074,None
ALLEN OUTREACH MINISTRY FEEDING PROGRAM,Food Pantry,"111-54 Merrick Blvd, Jamaica, NY 11433, USA",40.6932068,-73.7807259,None
"ASCENSION OUTREACH, INC",Food Pantry,"12 W 11th St, New York, NY 10011, USA",40.7340867,-73.9957498,None
Crown Heights Community Outreach Center,Food Pantry,"467 Rutland Rd, Brooklyn, NY 11203, USA",40.6599193,-73.9450923,None
Church of God Inc,Food Pantry,"1011 Winthrop St, Brooklyn, NY 11212, USA",40.6602648,-73.9261148,None
BAY VIEW HOUSES RESIDENT ASSOCIATION,Food Pantry,"2085 Rockaway Pkwy, Brooklyn, NY 11236, USA",40.6329302,-73.8869059,None
RAUSCHENBUSCH METRO MINISTRIES INC.,Food Pantry,"410 W 40th St, New York, NY 10018, USA",40.757203,-73.994323,None
College of Staten Island Campus Pantry,Food Pantry,"2800 Victory Blvd, Staten Island, NY 10314, USA",40.6021388,-74.1503817,None
CUNY School of Law Campus Pantry,Food Pantry,"2 Ct Square W, Queens, NY 11101, USA",40.7476569,-73.9436388,None
RIVER FUND MOBILE - BROOKLYN,Food Pantry,"Linden Blvd, New York, NY, USA",40.6579899,-73.8961789,None
SHILOH SDA,Food Pantry,"449 Eastern Pkwy, Brooklyn, NY 11216, USA",40.6704638,-73.95346,None
"SOUTHSIDE UNITED H.D.F.C., INC - LOS SURES",Food Pantry,"145 S 3rd St, Brooklyn, NY 11211, USA",40.7124161,-73.9616521,None
SHILOH TEMPLE PENTECOSTAL CHURCH,Food Pantry,"719 E 223rd St, Bronx, NY 10466, USA",40.8863451,-73.8604319,None
EMANUEL PENTECOSTAL FAITH CHURCH,Food Pantry,"1310 Elder Ave, Bronx, NY 10472, USA",40.831618,-73.87957,None
UNION BAPTIST CHURCH,Food Pantry,"461 Decatur St, Brooklyn, NY 11233, USA",40.6825593,-73.924741,None
LOS REDIMIDOS EN LA SANGRE DE CRISTO,Food Pantry,,-,-,None
CHRIST JESUS BAPTIST CHURCH,Food Pantry,"1812 White Plains Rd, Bronx, NY 10462, USA",40.8457545,-73.8660957,None
ST. MARGARET MARY CHURCH,Food Pantry,"2701 S Pattie St, Wichita, KS 67216, USA",37.6445784,-97.3224839,None
OUR LADY OF GRACE PARISH MINISTRY,Food Pantry,"430 Avenue W, Brooklyn, NY 11223, USA",40.5931513,-73.9673374,None
TRIUMPHANT FULL GOSPEL ASSEMBLY,Food Pantry,"889 Rutland Rd, Brooklyn, NY 11203, USA",40.6608186,-73.9299031,None
BROWNSVILLE TEMPLE SDA CHURCH,Food Pantry,"1085 Clarkson Ave, Brooklyn, NY 11212, USA",40.659965,-73.9224069,None
BRONX TEMPLE SDA CHURCH,Food Pantry,"495 Willis Ave, Bronx, NY 10455, USA",40.8149923,-73.9187996,None
SOUTH BKLYN SDA CHURCH COMMUNITY SERVICE PROGRAM,Food Pantry,"42 Prospect Pl, Brooklyn, NY 11217, USA",40.679588,-73.976629,None
SPANISH SDA CHURCH FOOD PANTRY,Food Pantry,"1038 Prospect Ave, Bronx, NY 10459, USA",40.8246163,-73.899342,None
BROOKLYN WEST FAMILY CENTER,Food Pantry,"191 Joralemon St # 1, Brooklyn, NY 11201, USA",40.6927803,-73.991785,None
SOLID ROCK BAPTIST CHURCH,Food Pantry,"120 Tompkins Ave, Brooklyn, NY 11206, USA",40.6951314,-73.9464297,None
ST. CLEMENTS FOOD PANTRY,Food Pantry,"423 W 46th St, New York, NY 10036, USA",40.7615675,-73.9915851,None
ST. JOHN'S BREAD & LIFE FOOD PANTRY,Food Pantry,"795 Lexington Ave, Brooklyn, NY 11221, USA",40.6903525,-73.9289014,None
La Jornada,Food Pantry,"133-36 Roosevelt Ave, Flushing, NY 11354, USA",40.7583389,-73.8325042,None
ST. JOSEPHS SOUP KITCHEN INCORPORATED,Food Pantry,"First Presbyterian Church, 12 W 12th St, New York, NY 10011, USA",40.7344041,-73.9951528,None
MORE GRACE REDEMPTIVE CENTER,Food Pantry,"11 Woods Pl, Brooklyn, NY 11226, USA",40.650141,-73.9545717,None
St. Joseph Roman Catholic Church,Food Pantry,,-,-,None
HOPE CENTER DEVELOPMENT CORPORATION,Food Pantry,"414 E 95th St, Brooklyn, NY 11212, USA",40.657017,-73.918645,None
SAINT TERESA CHURCH - SAINT VINCENT DePAUL SOCIETY,Food Pantry,"50-20 45th St, Woodside, NY 11377, USA",40.7372815,-73.921239,None
MACEDONIA CH. ASSEMBLY OF GOD-BREAD OF LIFE FOOD PANTRY,Food Pantry,"340 E 106th St, New York, NY 10029, USA",40.7898087,-73.9408849,None
HOPE CENTER DEVELOPMENT CORPORATION,Food Pantry,"414 E 95th St, Brooklyn, NY 11212, USA",40.657017,-73.918645,None
IGLESIA ALIANZA MISIONERA EBENEZER,Food Pantry,"43-02 38th St, Long Island City, NY 11101, USA",40.7457409,-73.9268499,None
Unity Faith Outreach,Food Pantry,"197 Ralph Ave, Brooklyn, NY 11233, USA",40.6830399,-73.9225359,None
CALVARY ASSEMBLY OF GOD,Food Pantry,"4055 Richmond Ave, Staten Island, NY 10312, USA",40.5397296,-74.1604462,None
"Beth-Hark Christian Counseling Center, Inc.",Food Pantry,"26 E 120th St, New York, NY 10035, USA",40.8025088,-73.9432978,None
CATHOLIC CHARITIES,Food Pantry,"2866 W 17th St, Brooklyn, NY 11224, USA",40.5767525,-73.9852283,None
CENTER OF HOPE INTERNATIONAL,Food Pantry,"1211 40th Ave, Long Island City, NY 11101, USA",40.7558885,-73.9422521,None
CHRIST ABUNDANT LIFE MINISTRIES,Food Pantry,"121 Grandview Ave, Staten Island, NY 10303, USA",40.6364859,-74.1647271,None
ST. PETER'S FOOD PANTRY,Food Pantry,"346 W 20th St, New York, NY 10011, USA",40.7441163,-74.0020019,None
THE CHURCH OF ST. MARK,Food Pantry,"1417 Union St, Brooklyn, NY 11213, USA",40.6687943,-73.944522,None
Sandra's Family Residence,Food Pantry,"2346 Prospect Ave, Bronx, NY 10458, USA",40.8527718,-73.8829478,None
"MANNA OF LIFE MINISTRIES, INC",Food Pantry,"578 E 166th St, Bronx, NY 10456, USA",40.8274358,-73.9056808,None
"THE GOSPEL TABERNACLE CHURCH OF JESUS CHRIST, INC",Food Pantry,"2314 Snyder Avenue, (Between Bedford and Rogers), Brooklyn, NY 11226, USA",40.6485775,-73.955191,None
NATIONAL SORORITY OF PHI DELTA KAPPA,Food Pantry,"117-08 Merrick Blvd, Jamaica, NY 11434, USA",40.6867025,-73.7746964,None
High School of World Cultures,Grab & Go Meals (NYC Schools),"1300 Boynton Ave, Bronx, NY 10472, USA",40.8320451,-73.8783844,None
Bronx Regional High School,Grab & Go Meals (NYC Schools),"1010 Rev James A Polite Ave, Bronx, NY 10459, USA",40.82349,-73.8985308,None
P.S. 009 Teunis G. Bergen,Grab & Go Meals (NYC Schools),"80 Underhill Ave, Brooklyn, NY 11238, USA",40.6783336,-73.9657864,None
P.S. 067 Charles A. Dorsey,Grab & Go Meals (NYC Schools),"51 St Edwards St, Brooklyn, NY 11205, USA",40.6950295,-73.9778781,None
P.S. 044 Marcus Garvey,Grab & Go Meals (NYC Schools),"432 Monroe St, Brooklyn, NY 11221, USA",40.6862237,-73.9413959,None
P.S. 307 Daniel Hale Williams,Grab & Go Meals (NYC Schools),"209 York St, Brooklyn, NY 11201, USA",40.7015193,-73.9816781,None
P.S. 253 -QUEENS,Grab & Go Meals (NYC Schools),"1307 Central Ave, Far Rockaway, NY 11691, USA",40.6073901,-73.748843,None
Leadership Prep Bedford Stuyvesant Charter School,Grab & Go Meals (NYC Schools),"141 Macon St, Brooklyn, NY 11216, USA",40.6818962,-73.9456107,None
P.S. 16,Grab & Go Meals (NYC Schools),"157 Wilson St, Brooklyn, NY 11211, USA",40.7058422,-73.962002,None
J.H.S. 190 Russell Sage,Grab & Go Meals (NYC Schools),"68-17 Austin St, Forest Hills, NY 11375, USA",40.723267,-73.8517411,None
P.S. 117 J. Keld / Briarwood School,Grab & Go Meals (NYC Schools),"8515 143rd St, Jamaica, NY 11435, USA",40.7102309,-73.8130569,None
PS 354,Grab & Go Meals (NYC Schools),"126-10 Bedell St, Jamaica, NY 11434, USA",40.6798749,-73.7742353,None
P.S. 011 William T. Harris,Grab & Go Meals (NYC Schools),"320 W 21st St, New York, NY 10011, USA",40.744296,-74.0006788,None
P.S. 041 Greenwich Village,Grab & Go Meals (NYC Schools),"116 W 11th St, New York, NY 10011, USA",40.7355874,-73.9992096,None
P.S. 002 Meyer London,Grab & Go Meals (NYC Schools),"122 Henry St, New York, NY 10002, USA",40.7131567,-73.9918405,None
47 The American Sign Language and English Secondary School,Grab & Go Meals (NYC Schools),"225 E 23rd St, New York, NY 10010, USA",40.7382611,-73.9812093,None
J.H.S. 104 Simon Baruch,Grab & Go Meals (NYC Schools),"330 E 21st St, New York, NY 10010, USA",40.7358167,-73.9809756,None
P.S. 042 Benjamin Altman,Grab & Go Meals (NYC Schools),"71 Hester St, New York, NY 10002, USA",40.716136,-73.9908411,None
P.S. 130 Hernando De Soto,Grab & Go Meals (NYC Schools),"143 Baxter St, New York, NY 10013, USA",40.7188536,-73.9982932,None
Stephen T. Mather Building Arts Craf,Grab & Go Meals (NYC Schools),"439 W 49th St # 4, New York, NY 10019, USA",40.7638592,-73.9903543,None
M.S. 260 Clinton School Writers & Artists,Grab & Go Meals (NYC Schools),"10 E 15th St, New York, NY 10003, USA",40.7363136,-73.9924586,None
P.S./I.S. 217 Roosevelt Island,Grab & Go Meals (NYC Schools),"645 Main St, New York, NY 10044, USA",40.7638549,-73.9481811,None
BATTERY PARK CITY SCHOOL,Grab & Go Meals (NYC Schools),"55 Battery Pl, New York, NY 10280, USA",40.7065629,-74.0175278,None
P.S. 120 Carlos Tapia,Grab & Go Meals (NYC Schools),"18 Beaver St, Brooklyn, NY 11206, USA",40.7005875,-73.9377574,None
Williamsburg High School for Art and Technology,Grab & Go Meals (NYC Schools),"223 Graham Ave, Brooklyn, NY 11206, USA",40.7097782,-73.9441904,None
J.H.S. 050 John D. Wells,Grab & Go Meals (NYC Schools),"183 S 3rd St, Brooklyn, NY 11211, USA",40.7118192,-73.9602445,None
P.S. 250 George H. Lindsay,Grab & Go Meals (NYC Schools),"108 Montrose Ave, Brooklyn, NY 11206, USA",40.7069344,-73.9450407,None
P.S. 257,Grab & Go Meals (NYC Schools),"60 Cook St, Brooklyn, NY 11206, USA",40.7026364,-73.941442,None
Brooklyn Arbor Elementary School,Grab & Go Meals (NYC Schools),"325 S 3rd St, Brooklyn, NY 11211, USA",40.7098846,-73.9546633,None
I.S. 318 Eugenio Maria De Hostos,Grab & Go Meals (NYC Schools),"101 Walton St, Brooklyn, NY 11206, USA",40.7030338,-73.94827,None
MANHATTAN ACADEMY FOR ARTS & LANGUAGE,Grab & Go Meals (NYC Schools),"111 E 33rd St, New York, NY 10016, USA",40.7463061,-73.9811402,None
School of the Future High School,Grab & Go Meals (NYC Schools),"127 E 22nd St, New York, NY 10010, USA",40.7390867,-73.9853658,None
P.S. 134 Hollis,Grab & Go Meals (NYC Schools),"203-2 109th Ave, St. Albans, NY 11412, USA",40.7078275,-73.7548656,None
The Bellaire School,Grab & Go Meals (NYC Schools),"207-11 89th Ave, Queens, NY 11427, USA",40.7210122,-73.758052,None
P.S. 75,Grab & Go Meals (NYC Schools),"735 West End Ave, New York, NY 10025, USA",40.7950139,-73.9737389,None
P.S./ M.S.138 Sunrise,Grab & Go Meals (NYC Schools),"25111 Weller Ave, Rosedale, NY 11422, USA",40.6599832,-73.7344343,None
I.S. 238 - Susan B. Anthony Academy,Grab & Go Meals (NYC Schools),"88-15 182nd St, Queens, NY 11423, USA",40.7130418,-73.7802492,None
"Mathematics, Science Research and Technology Magnet High School",Grab & Go Meals (NYC Schools),"207-01 116th Ave, Cambria Heights, NY 11411, USA",40.698162,-73.7466506,None
Locke School of Arts and Engineering (The),Grab & Go Meals (NYC Schools),"20 W 112th St, Manhattan, NY 10026, USA",40.7984863,-73.9495334,None
P.S. 001 The Bergen,Grab & Go Meals (NYC Schools),"309 47th St, Brooklyn, NY 11220, USA",40.6486563,-74.0112375,None
"Magnet School of Math, Science and Design Technology",Grab & Go Meals (NYC Schools),"511 7th Ave, Brooklyn, NY 11215, USA",40.6608045,-73.9860412,None
P.S. 015 Patrick F. Daly,Grab & Go Meals (NYC Schools),"71 Sullivan St, Brooklyn, NY 11231, USA",40.6771879,-74.0115324,None
P.S. 169 Sunset Park,Grab & Go Meals (NYC Schools),"4305 7th Ave, Brooklyn, NY 11232, USA",40.6460007,-74.0019782,None
P.S. 124 Silas B. Dutcher,Grab & Go Meals (NYC Schools),"515 4th Ave, Brooklyn, NY 11215, USA",40.6674684,-73.9906703,None
The School of Creativity and Innovation,Grab & Go Meals (NYC Schools),"736 48th St, Brooklyn, NY 11220, USA",40.6429373,-74.0041677,None
RED HOOK NEIGHBORHOOD SCHOOL,Grab & Go Meals (NYC Schools),"27 Huntington St, Brooklyn, NY 11231, USA",40.677865,-74.0049254,None
P.S. 230 Doris L. Cohen,Grab & Go Meals (NYC Schools),"425 McDonald Ave, Brooklyn, NY 11218, USA",40.6435,-73.979165,None
Albert Shanker School for Visual and Performing Arts,Grab & Go Meals (NYC Schools),"31-51 21st St, Astoria, NY 11106, USA",40.7660667,-73.9300136,None
P.S. 081 Thaddeus Stevens,Grab & Go Meals (NYC Schools),"990 Dekalb Ave, Brooklyn, NY 11221, USA",40.6928436,-73.9348655,None
P.S. 166 Henry Gradstein,Grab & Go Meals (NYC Schools),"33-09 35th Ave, Queens, NY 11106, USA",40.7573861,-73.9261081,None
P.S. 234,Grab & Go Meals (NYC Schools),"30-15 29th St, Astoria, NY 11102, USA",40.7670376,-73.9231917,None
P.S. 108 Assemblyman Angelo Del Toro Educational Complex,Grab & Go Meals (NYC Schools),"1615 Madison Ave #3513, New York, NY 10029, USA",40.7950362,-73.9478715,None
The Lexington Academy,Grab & Go Meals (NYC Schools),"131 E 104th St, New York, NY 10029, USA",40.7914549,-73.9474451,None
Central Park East High School,Grab & Go Meals (NYC Schools),"1573 Madison Ave, New York, NY 10029, USA",40.7936899,-73.9491583,None
P.S. 146 Ann M. Short,Grab & Go Meals (NYC Schools),"421 E 106th St #4896, New York, NY 10029, USA",40.7897123,-73.9393805,None
P.S. 036 Margaret Douglas,Grab & Go Meals (NYC Schools),"123 Morningside Dr, New York, NY 10027, USA",40.8105805,-73.9575914,None
Frederick Douglass Academy,Grab & Go Meals (NYC Schools),"2581 Adam Clayton Powell Jr Blvd, New York, NY 10039, USA",40.8241774,-73.9368305,None
Brighter Choice Community School,Grab & Go Meals (NYC Schools),"280 Hart St, Brooklyn, NY 11206, USA",40.6940135,-73.9404589,None
P.S. 308 Clara Cardwell,Grab & Go Meals (NYC Schools),"616 Quincy St, Brooklyn, NY 11221, USA",40.6885552,-73.9357139,None
P.S. 309 The George E. Wibecan Preparatory Academy,Grab & Go Meals (NYC Schools),"794 Monroe St, Brooklyn, NY 11221, USA",40.6883298,-73.9241079,None
P.S. 138 Brooklyn,Grab & Go Meals (NYC Schools),"760 Prospect Pl, Brooklyn, NY 11216, USA",40.6736262,-73.9512515,None
P.S. 006,Grab & Go Meals (NYC Schools),"43 Snyder Ave, Brooklyn, NY 11226, USA",40.6490449,-73.9561961,None
M.S. 061 Dr. Gladstone H. Atwell,Grab & Go Meals (NYC Schools),"400 Empire Blvd, Brooklyn, NY 11225, USA",40.6637691,-73.948565,None
P.S. 191 Paul Robeson,Grab & Go Meals (NYC Schools),"1600 Park Pl, Brooklyn, NY 11233, USA",40.671875,-73.9238618,None
P.S. 091 The Albany Avenue School,Grab & Go Meals (NYC Schools),"532 Albany Ave, Brooklyn, NY 11203, USA",40.6620799,-73.940236,None
P.S. 092 Adrian Hegeman,Grab & Go Meals (NYC Schools),"601 Parkside Ave, Brooklyn, NY 11226, USA",40.6562316,-73.9537894,None
P.S. 221,Grab & Go Meals (NYC Schools),"791 Empire Blvd, Brooklyn, NY 11213, USA",40.6639642,-73.9360397,None
P.S. 249 The Caton,Grab & Go Meals (NYC Schools),"18 Marlborough Rd, Brooklyn, NY 11226, USA",40.6497618,-73.9661985,None
P.S. 013 M. L. Lindemeyer,Grab & Go Meals (NYC Schools),"191 Vermont Ave, Staten Island, NY 10305, USA",40.6129942,-74.0693025,None
P.S. 018 John G. Whittier,Grab & Go Meals (NYC Schools),"221 Broadway, Staten Island, NY 10310, USA",40.6367163,-74.117114,None
P.S. 020 Port Richmond,Grab & Go Meals (NYC Schools),"161 Park Ave, Staten Island, NY 10302, USA",40.6366649,-74.1325289,None
P.S. 031 William T. Davis,Grab & Go Meals (NYC Schools),"55 Layton Ave, Staten Island, NY 10301, USA",40.6419692,-74.0851783,None
P.S. 026 The Carteret School,Grab & Go Meals (NYC Schools),"4108 Victory Blvd, Staten Island, NY 10314, USA",40.5915602,-74.1902344,None
I.S. 034 Tottenville,Grab & Go Meals (NYC Schools),"528 Academy Ave, Staten Island, NY 10307, USA",40.5080751,-74.2433255,None
P.S. 032 The Gifford School,Grab & Go Meals (NYC Schools),"32 Elverton Ave, Staten Island, NY 10308, USA",40.5586832,-74.1550063,None
P.S. 005 Ellen Lurie,Grab & Go Meals (NYC Schools),"3703 10th Ave, New York, NY 10040, USA",40.8589195,-73.9224277,None
J.H.S. 052 Inwood,Grab & Go Meals (NYC Schools),"650 Academy St, New York, NY 10034, USA",40.8659143,-73.925157,None
P.S. 48,Grab & Go Meals (NYC Schools),"4360 Broadway, New York, NY 10033, USA",40.8533418,-73.9337859,None
J.H.S. 143 Eleanor Roosevelt,Grab & Go Meals (NYC Schools),"515 W 182nd St, New York, NY 10033, USA",40.8491897,-73.9312057,None
Paula Hedbavny School,Grab & Go Meals (NYC Schools),"421 W 219th St, New York, NY 10034, USA",40.8714909,-73.9122076,None
Middle School 322,Grab & Go Meals (NYC Schools),"4600 Broadway, New York, NY 10040, USA",40.8608344,-73.9300119,None
High School for Public Service: Heroes of Tomorrow,Grab & Go Meals (NYC Schools),"600 Kingston Ave, Brooklyn, NY 11203, USA",40.6593652,-73.9431462,None
P.S. 208 Elsa Ebeling,Grab & Go Meals (NYC Schools),"4801 Avenue D, Brooklyn, NY 11203, USA",40.6425674,-73.930779,None
P.S. 219 Kennedy-King,Grab & Go Meals (NYC Schools),"1060 Clarkson Ave, Brooklyn, NY 11212, USA",40.659162,-73.922636,None
P.S. 233 Langston Hughes,Grab & Go Meals (NYC Schools),"9301 Avenue B, Brooklyn, NY 11236, USA",40.6514078,-73.9140211,None
P.S. 235 Janice Marie Knight School,Grab & Go Meals (NYC Schools),"525 Lenox Rd, Brooklyn, NY 11203, USA",40.6550319,-73.9406891,None
P.S. 272 Curtis Estabrook,Grab & Go Meals (NYC Schools),"102 Seaview Ave, Brooklyn, NY 11236, USA",40.6359215,-73.8860083,None
P.S. 055 Henry M. Boehm,Grab & Go Meals (NYC Schools),"54 Osborne St, Staten Island, NY 10312, USA",40.5364244,-74.1631254,None
Port Richmond School for Visionary Learning,Grab & Go Meals (NYC Schools),"1625 Forest Ave, Staten Island, NY 10302, USA",40.6250096,-74.1425761,None
P.S. 069 Daniel D. Tompkins,Grab & Go Meals (NYC Schools),"145 Keating Pl, Staten Island, NY 10314, USA",40.5915729,-74.1562189,None
Staten Island School of Civic Leader,Grab & Go Meals (NYC Schools),"280 Regis Dr, Staten Island, NY 10314, USA",40.620326,-74.164432,None
The Michael J. Petrides School,Grab & Go Meals (NYC Schools),"715 Ocean Terrace, Staten Island, NY 10301, USA",40.608634,-74.1050929,None
Curtis High School,Grab & Go Meals (NYC Schools),"105 Hamilton Ave, Staten Island, NY 10301, USA",40.645186,-74.0816561,None
P.S. 022 Graniteville Extension,Grab & Go Meals (NYC Schools),"1860 Forest Ave, Staten Island, NY 10303, USA",40.6249844,-74.1504271,None
P.S. 018 John Peter Zenger,Grab & Go Meals (NYC Schools),"502 Morris Ave, Bronx, NY 10451, USA",40.8162721,-73.9226282,None
P.S. 154 Jonathan D. Hyatt,Grab & Go Meals (NYC Schools),"333 E 135th St #4301, Bronx, NY 10454, USA",40.8079487,-73.925564,None
P.S. 161 Ponce De Leon,Grab & Go Meals (NYC Schools),"628 Tinton Ave, Bronx, NY 10455, USA",40.8145942,-73.9049606,None
P.S. 168,Grab & Go Meals (NYC Schools),"3050 Webster Ave, Bronx, NY 10467, USA",40.8696205,-73.8790735,None
P.S. 036 Unionport,Grab & Go Meals (NYC Schools),"1070 Castle Hill Ave, Bronx, NY 10472, USA",40.8293795,-73.8497334,None
Academy of Applied Mathematics and Technology,Grab & Go Meals (NYC Schools),"345 Brook Ave, Bronx, NY 10454, USA",40.8099354,-73.9180598,None
P.S. 062 Inocensio Casanova,Grab & Go Meals (NYC Schools),"660 Fox St, Bronx, NY 10455, USA",40.8138781,-73.9003875,None
P.S. 071 Rose E. Scala,Grab & Go Meals (NYC Schools),"3040 Roberts Ave, Bronx, NY 10461, USA",40.8455954,-73.8296383,None
P.S. 013 Roberto Clemente,Grab & Go Meals (NYC Schools),"557 Granville Payne Ave, Brooklyn, NY 11207, USA",40.6637454,-73.893597,None
P.S. 108 Sal Abbracciamento,Grab & Go Meals (NYC Schools),"200 Linwood St, Brooklyn, NY 11208, USA",40.6812639,-73.884355,None
I.S. 171 Abraham Lincoln,Grab & Go Meals (NYC Schools),"528 Ridgewood Ave, Brooklyn, NY 11208, USA",40.6858406,-73.8694305,None
P.S. 290 Juan Morel Campos,Grab & Go Meals (NYC Schools),"135 Schenck Ave, Brooklyn, NY 11207, USA",40.6781665,-73.8894899,None
P.S. 306 Ethan Allen,Grab & Go Meals (NYC Schools),"970 Vermont St, Brooklyn, NY 11207, USA",40.6554377,-73.8863573,None
J.H.S. 218 James P. Sinnott,Grab & Go Meals (NYC Schools),"370 Fountain Ave, Brooklyn, NY 11208, USA",40.6705278,-73.8743905,None
J.H.S. 292 Margaret S. Douglas,Grab & Go Meals (NYC Schools),"301 Vermont St #3511, Brooklyn, NY 11207, USA",40.671361,-73.8936196,None
P.S. 072 Dr. William Dorney,Grab & Go Meals (NYC Schools),"2951 Dewey Ave, Bronx, NY 10465, USA",40.8229636,-73.8180332,None
P.S. 100 Isaac Clason,Grab & Go Meals (NYC Schools),"800 Taylor Ave, Bronx, NY 10473, USA",40.8216043,-73.8628186,None
J.H.S. 123 James M. Kieran,Grab & Go Meals (NYC Schools),"1025 Morrison Ave, Bronx, NY 10472, USA",40.8251091,-73.8738074,None
Bronx Arena High School,Grab & Go Meals (NYC Schools),"1440 Story Ave, Bronx, NY 10473, USA",40.8207637,-73.8808035,None
P.S. 346 Abe Stark,Grab & Go Meals (NYC Schools),"1400 Granville Payne Ave, Brooklyn, NY 11239, USA",40.6467533,-73.8818498,None
P.S. 042 Claremont,Grab & Go Meals (NYC Schools),"1537 Washington Ave, Bronx, NY 10457, USA",40.8385594,-73.9030255,None
P.S. 053 Basheer Quisim,Grab & Go Meals (NYC Schools),"360 E 168th St, Bronx, NY 10456, USA",40.8327799,-73.9118448,None
P.S./I.S. 104 The Fort Hamilton School,Grab & Go Meals (NYC Schools),"9115 5th Ave, Brooklyn, NY 11209, USA",40.6179989,-74.0283866,None
P.S. 328 Phyllis Wheatley,Grab & Go Meals (NYC Schools),"330 Alabama Ave, Brooklyn, NY 11207, USA",40.6675716,-73.8984399,None
P.S. 179 Kensington,Grab & Go Meals (NYC Schools),"202 Avenue C, Brooklyn, NY 11218, USA",40.6402852,-73.9773047,None
P.S. 192,Grab & Go Meals (NYC Schools),"4715 18th Ave, Brooklyn, NY 11204, USA",40.6290084,-73.9798382,None
P.S. 160,Grab & Go Meals (NYC Schools),"1057 52nd St, Brooklyn, NY 11219, USA",40.6369403,-73.9990463,None
P.S. 971,Grab & Go Meals (NYC Schools),"6214 4th Ave, Brooklyn, NY 11220, USA",40.6394803,-74.0201953,None
The Christa McAuliffe School\I.S. 187,Grab & Go Meals (NYC Schools),"1171 65th St, Brooklyn, NY 11219, USA",40.6277115,-74.0038957,None
P.S. 073 Bronx,Grab & Go Meals (NYC Schools),"1020 Anderson Ave, Bronx, NY 10452, USA",40.8325361,-73.9265583,None
P.S./M.S. 004 Crotona Park West,Grab & Go Meals (NYC Schools),"1701 Fulton Ave, Bronx, NY 10457, USA",40.841139,-73.8982611,None
I.S. 117 Joseph H. Wade,Grab & Go Meals (NYC Schools),"1865 Morris Ave, Bronx, NY 10453, USA",40.8485572,-73.9086212,None
P.S./I.S. 218 Rafael Hernandez Dual Language Magnet School,Grab & Go Meals (NYC Schools),"1220 Gerard Ave, Bronx, NY 10452, USA",40.8357466,-73.9195115,None
I.S. 98 Bay Academy,Grab & Go Meals (NYC Schools),"1401 Emmons Ave, Brooklyn, NY 11235, USA",40.5833629,-73.9537743,None
P.S. 288 The Shirley Tanyhill,Grab & Go Meals (NYC Schools),"2950 W 25th St, Brooklyn, NY 11224, USA",40.5743168,-73.9924105,None
I.S. 303 Herbert S. Eisenberg,Grab & Go Meals (NYC Schools),"501 West Ave, Brooklyn, NY 11224, USA",40.5823759,-73.9722889,None
P.S. 177 The Marlboro,Grab & Go Meals (NYC Schools),"346 Avenue P, Brooklyn, NY 11204, USA",40.6084307,-73.9744123,None
I.S. 229 Roland Patterson,Grab & Go Meals (NYC Schools),"275 Roberto Clemente State Park Bridge, Bronx, NY 10453, USA",40.8531507,-73.9206998,None
P.S. 253,Grab & Go Meals (NYC Schools),"601 Ocean View Ave, Brooklyn, NY 11235, USA",40.5798346,-73.9618733,None
P.S. 119 Amersfort,Grab & Go Meals (NYC Schools),"3829 Avenue K, Brooklyn, NY 11210, USA",40.6259787,-73.9389788,None
P.S. 052 Sheepshead Bay,Grab & Go Meals (NYC Schools),"2675 E 29th St, Brooklyn, NY 11235, USA",40.5877596,-73.9400824,None
P.S. 109,Grab & Go Meals (NYC Schools),"1001 E 45th St, Brooklyn, NY 11203, USA",40.6360037,-73.9331489,None
P.S. 197,Grab & Go Meals (NYC Schools),"1599 E 22nd St, Brooklyn, NY 11210, USA",40.6125705,-73.9516447,None
P.S. 023 The New Children's School,Grab & Go Meals (NYC Schools),"2151 Washington Ave, Bronx, NY 10457, USA",40.8533809,-73.8947836,None
P.S. 245,Grab & Go Meals (NYC Schools),"249 E 17th St, Brooklyn, NY 11226, USA",40.6446897,-73.9629927,None
P.S. 298 Dr. Betty Shabazz,Grab & Go Meals (NYC Schools),"85 Watkins St, Brooklyn, NY 11212, USA",40.6706704,-73.907945,None
P.S. 327 Dr. Rose B. English,Grab & Go Meals (NYC Schools),"111 Bristol St, Brooklyn, NY 11212, USA",40.6682057,-73.9120378,None
Mott Hall IV,Grab & Go Meals (NYC Schools),"1137 Herkimer St, Brooklyn, NY 11233, USA",40.6783645,-73.915584,None
P.S. 103 Hector Fontanez,Grab & Go Meals (NYC Schools),"4125 Carpenter Ave, Bronx, NY 10466, USA",40.8921521,-73.861938,None
P.S. 089 Bronx,Grab & Go Meals (NYC Schools),"980 Mace Ave, Bronx, NY 10469, USA",40.8625617,-73.8591383,None
P.S. 019 Marino Jeantet,Grab & Go Meals (NYC Schools),"98-02 Roosevelt Ave, Queens, NY 11368, USA",40.7488174,-73.8672332,None
I.S. 093 Ridgewood,Grab & Go Meals (NYC Schools),"66-56 Forest Ave, Ridgewood, NY 11385, USA",40.7058249,-73.9027571,None
I.S. 125 Thom J. McCann Woodside,Grab & Go Meals (NYC Schools),"46-02 47th Ave, Woodside, NY 11377, USA",40.7408445,-73.9186741,None
P.S. 107 Thomas A Dooley,Grab & Go Meals (NYC Schools),"167-02 45th Ave, Queens, NY 11358, USA",40.7556533,-73.7991471,None
P.S. 021 Edward Hart,Grab & Go Meals (NYC Schools),"147-36 26th Ave, Flushing, NY 11354, USA",40.7741475,-73.8185903,None
Collegiate Institute for Math and Science,Grab & Go Meals (NYC Schools),"925 Astor Ave, Bronx, NY 10469, USA",40.8603747,-73.8603398,None
Irwin Altman Middle School 172,Grab & Go Meals (NYC Schools),"81-14 257th St, Glen Oaks, NY 11004, USA",40.7417121,-73.7132082,None
P.S. 001 Alfred E. Smith,Grab & Go Meals (NYC Schools),"8 Henry St, New York, NY 10038, USA",40.7125892,-73.9975292,None
Martin Van Buren High School,Grab & Go Meals (NYC Schools),"230-17 Hillside Avenue, Queens Village, NY 11427, USA",40.7336309,-73.7391435,None
P.S. 066 School of Higher Expectations,Grab & Go Meals (NYC Schools),"1001 Jennings St, Bronx, NY 10460, USA",40.8312555,-73.8866072,None
J.H.S. 098 Herman Ridder,Grab & Go Meals (NYC Schools),"1619 Boston Rd, Bronx, NY 10460, USA",40.8363157,-73.8907414,None
Fannie Lou Hamer Freedom High School,Grab & Go Meals (NYC Schools),"1021 Jennings St, Bronx, NY 10460, USA",40.8311242,-73.8856884,None
P.S. 097 Forest Park,Grab & Go Meals (NYC Schools),,-,-,None
P.S. 197,Grab & Go Meals (NYC Schools),"825 Hicksville Rd, Far Rockaway, NY 11691, USA",40.5999511,-73.7443157,None
P.S. 019 Asher Levy,Grab & Go Meals (NYC Schools),"185 1st Avenue, New York, NY 10003, USA",40.7299541,-73.9838685,None
P.S. 064 Robert Simon,Grab & Go Meals (NYC Schools),"600 E 6th St, New York, NY 10009, USA",40.7243104,-73.981618,None
P.S. 184m Shuang Wen,Grab & Go Meals (NYC Schools),"327 Cherry St, New York, NY 10002, USA",40.7114447,-73.9854894,None
New Design High School,Grab & Go Meals (NYC Schools),"350 Grand St #4, New York, NY 10002, USA",40.7169904,-73.9896241,None
PS 57 Farmstand,Greenmarkets/Farmstand/Fresh Food Box,"115th Street &, 3rd Ave, New York, NY 10029, USA",40.7972388,-73.9407014,None
Gouverneur Health Farmstand,Greenmarkets/Farmstand/Fresh Food Box,"Clinton St between Jefferson &, Madison St, New York, NY 10002, USA",40.7129545,-73.9880233,None
Red Hook Farm Stand,Greenmarkets/Farmstand/Fresh Food Box,"560 Columbia St, Brooklyn, NY 11231, USA",40.6724653,-74.0098195,None
82nd Street Greenmarket,Greenmarkets/Farmstand/Fresh Food Box,"82nd St between 1st Ave &, York Ave, New York, NY 10128, USA",40.7735773,-73.951352,None
Essex Crossing Farm Stand & CSA pickup,Greenmarkets/Farmstand/Fresh Food Box,"88 Essex St, New York, NY 10002, USA",40.7180004,-73.98819,None
Mount Sinai Hospital Greenmarket,Greenmarkets/Farmstand/Fresh Food Box,"Madison Avenue and, E 99th St, New York, NY 10029, USA",40.7894847,-73.9528603,None
6th Ave Sunset Park Greenmarket,Greenmarkets/Farmstand/Fresh Food Box,"7th Ave &, 44th St, Brooklyn, NY 11232, USA",40.645809,-74.002415,None
Cypress Hills Farmstand,Greenmarkets/Farmstand/Fresh Food Box,"Fulton St. &, Richmond St, Brooklyn, NY 11208, USA",40.6821738,-73.8768637,None
Sunnyside Greenmarket,Greenmarkets/Farmstand/Fresh Food Box,"Skillman Ave btwn 42nd &, 43rd Ave, Sunnyside, NY 11104, USA",40.7469945,-73.9217313,None
Brooklyn Borough Hall Greenmarket,Greenmarkets/Farmstand/Fresh Food Box,"Court St &, Montague St, Brooklyn, NY 11201, USA",40.6938746,-73.9902697,None
Hamilton Heights Green Youthmarket,Greenmarkets/Farmstand/Fresh Food Box,"W 143rd St, New York, NY, USA",40.8233663,-73.947191,None
Harvest Home Mt. Eden Farmers' Market,Greenmarkets/Farmstand/Fresh Food Box,"8 W 126th St, New York, NY 10027, USA",40.8072117,-73.9425926,None
Isabahlia Farm Stand Winter Market,Greenmarkets/Farmstand/Fresh Food Box,"93 New Lots Ave, Brooklyn, NY 11212, USA",40.658173,-73.9018059,None
Staten Island Ferry Whitehall Terminal Greenmarket,Greenmarkets/Farmstand/Fresh Food Box,"4 South St, New York, NY 10004, USA",40.7009696,-74.0130471,None
Harvest Home Lenox Ave Farm Stand,Greenmarkets/Farmstand/Fresh Food Box,"104 E 126th St #3d, New York, NY 10035, USA",40.8052711,-73.9380257,None
La Familia Verde Farmers' Market,Greenmarkets/Farmstand/Fresh Food Box,"1840 | Washington Ave Primer Piso, Bronx, NY 10457, USA",40.8454041,-73.8988213,None
Ridgewood Farmstand,Greenmarkets/Farmstand/Fresh Food Box,"Cypress Ave between Myrtle and, Putnam Ave, Ridgewood, NY 11385, USA",40.7003431,-73.9066883,None
79th Street Greenmarket,Greenmarkets/Farmstand/Fresh Food Box,"Columbus Avenue &, W 77th St, New York, NY 10024, USA",40.7806883,-73.9762242,None
PS 11 Farm Market,Greenmarkets/Farmstand/Fresh Food Box,"320 W 21st St, New York, NY 10011, USA",40.744296,-74.0006788,None
Borough Park Greenmarket,Greenmarkets/Farmstand/Fresh Food Box,"14th Ave &, 50th St, Brooklyn, NY 11219, USA",40.6332469,-73.9905185,None
Corona Greenmarket,Greenmarkets/Farmstand/Fresh Food Box,"Roosevelt Ave &, 103rd St, Flushing, NY 11368, USA",40.7498549,-73.8621143,None
Isabahlia Farmers' Market,Greenmarkets/Farmstand/Fresh Food Box,"93 New Lots Ave, Brooklyn, NY 11212, USA",40.658173,-73.9018059,None
4th Ave Sunset Park Greenmarket,Greenmarkets/Farmstand/Fresh Food Box,"4th Ave & 59th St Between 59th St &, 60th St, Brooklyn, NY 11220, USA",40.641159,-74.018486,None
Harvest Home Kings County Hospital Farmers' Market,Greenmarkets/Farmstand/Fresh Food Box,"Clarkson Ave, Brooklyn, NY 11203, USA",40.656196,-73.9427328,None
Tribeca Greenmarket,Greenmarkets/Farmstand/Fresh Food Box,"Greenwich St between Chambers and, Duane St, New York, NY 10013, USA",40.7169303,-74.0108108,None
Chelsea's Down to Earth Farmers Market,Greenmarkets/Farmstand/Fresh Food Box,"W 23rd St, New York, NY 10011, USA",40.7463304,-74.0008056,None
Domino Park Greenmarket,Greenmarkets/Farmstand/Fresh Food Box,"15 River St, Brooklyn, NY 11211, USA",40.7133904,-73.968309,None
97th Street Greenmarket,Greenmarkets/Farmstand/Fresh Food Box,"97th St & Columbus ave &, Amsterdam Ave, New York, NY 10025, USA",40.7942185,-73.9683541,None
Staten Island Mall Greenmarket,Greenmarkets/Farmstand/Fresh Food Box,"Marsh Ave &, Ring Rd, Staten Island, NY 10314, USA",40.583836,-74.1616322,None
Greenmarket at Oculus Plaza,Greenmarkets/Farmstand/Fresh Food Box,,-,-,None
Savoy Park Down to Earth Farmers' Market,Greenmarkets/Farmstand/Fresh Food Box,"45 W 139th St, New York, NY 10037, USA",40.8167554,-73.9369369,None
Bronx Family Center Go!Healthy Farm Stand,Greenmarkets/Farmstand/Fresh Food Box,"1515 Southern Blvd, Bronx, NY 10460, USA",40.833131,-73.8906698,None
RB Pop Up Farm Stand,Greenmarkets/Farmstand/Fresh Food Box,"5814 S Wood St, Chicago, IL 60636, USA",41.7879747,-87.6694809,None
Harvest Home Coney Island Hospital Farmers' Market,Greenmarkets/Farmstand/Fresh Food Box,"2601 Ocean Pkwy, Brooklyn, NY 11235, USA",40.5855566,-73.9648753,None
New Roots Community Farm Stand,Greenmarkets/Farmstand/Fresh Food Box,"New Roots Community Farm, 670 Grand Concourse, Bronx, NY 10451, USA",40.8212955,-73.9248222,None
Harvest Home Harlem Hospital Farmers' Market,Greenmarkets/Farmstand/Fresh Food Box,"104 E 126th St #3d, New York, NY 10035, USA",40.8052711,-73.9380257,None
Morning Glory Market at the New York Botanical Gardens,Greenmarkets/Farmstand/Fresh Food Box,"Morning Glory Garden, 1219 Hoe Ave, Bronx, NY 10459, USA",40.8293876,-73.8910629,None
Hattie Carthan After Church Farmers' Market,Greenmarkets/Farmstand/Fresh Food Box,"Hattie Carthan Herban Farm, 49 Van Buren St, Brooklyn, NY 11221, USA",40.690239,-73.9435869,None
South Williamsburg Greenmarket,Greenmarkets/Farmstand/Fresh Food Box,"Taylor Street &, Lee Ave, Brooklyn, NY 11211, USA",40.7068595,-73.9614299,None
Fort Greene Park Greenmarket,Greenmarkets/Farmstand/Fresh Food Box,"Washington Park &, Dekalb Ave, Brooklyn, NY 11201, USA",40.6896204,-73.9730506,None
Lower East Side Farmstand,Greenmarkets/Farmstand/Fresh Food Box,"Grand St between Pitt St &, Willett St, New York, NY 10002, USA",40.7150965,-73.9834047,None
Park Slope's Down to Earth Farmers' Market,Greenmarkets/Farmstand/Fresh Food Box,"5th Ave, Brooklyn, NY 11215, USA",40.6722335,-73.9838639,None
Bay Ridge Greenmarket,Greenmarkets/Farmstand/Fresh Food Box,"3rd Avenue & 95th Street Walgreen's parking lot, Brooklyn, NY 11209, USA",40.6176389,-74.0337833,None
Carroll Gardens Greenmarket,Greenmarkets/Farmstand/Fresh Food Box,"Carroll St &, Smith St, Brooklyn, NY 11231, USA",40.6804807,-73.99483,None
Rockefeller Center Greenmarket,Greenmarkets/Farmstand/Fresh Food Box,"50th Street North Plaza Rockefeller Center, New York, NY 10112, USA",40.7582936,-73.9802611,None
Astor Place Greenmarket,Greenmarkets/Farmstand/Fresh Food Box,"E 8th St &, Lafayette St, New York, NY 10003, USA",40.7299313,-73.9910907,None
Teens for Food Justice Fresh Food Box & Farmstand at Brownsville Collaborative Middle School,Greenmarkets/Farmstand/Fresh Food Box,"33 W 60th St, New York, NY 10023, USA",40.7696975,-73.9833311,None
Queens Botanical Garden's Down to Earth Farmers' Market,Greenmarkets/Farmstand/Fresh Food Box,"Main St &, Dahlia Ave, Flushing, NY 11355, USA",40.7520116,-73.8267183,None
Harvest Home Clinton Hill Farm Stand,Greenmarkets/Farmstand/Fresh Food Box,"104 E 126th St #3d, New York, NY 10035, USA",40.8052711,-73.9380257,None
Lincoln Hospital Greenmarket,Greenmarkets/Farmstand/Fresh Food Box,"149th St &, Park Ave, Bronx, NY 10451, USA",40.8176649,-73.9246481,None
RB HopeBall Field Farmers Market,Greenmarkets/Farmstand/Fresh Food Box,"Hope Ballfield, 249 Grove St, Brooklyn, NY 11237, USA",40.6973795,-73.9170604,None
Grass Roots Farmers' Market,Greenmarkets/Farmstand/Fresh Food Box,"W 145th St, New York, NY, USA",40.8243219,-73.945426,None
The Community Farmers Market at Adam Clayton Powell,Greenmarkets/Farmstand/Fresh Food Box,"Adam Clayton Powell Jr Blvd, New York, NY, USA",40.8134365,-73.9451902,None
Elmhurst Hospital Greenmarket,Greenmarkets/Farmstand/Fresh Food Box,"41st Ave &, 80th St, Queens, NY 11373, USA",40.7457323,-73.885237,None
East Harlem Health Action Center Fresh Food Box,Greenmarkets/Farmstand/Fresh Food Box,"158 E 115th St, New York, NY 10029, USA",40.797602,-73.941899,None
Montefiore Fresh Food Box,Greenmarkets/Farmstand/Fresh Food Box,"871 Prospect Ave, Bronx, NY 10459, USA",40.8206509,-73.9015154,None
Urban Oasis Farmers' Market,Greenmarkets/Farmstand/Fresh Food Box,"681 Clarkson Ave, Brooklyn, NY 11203, USA",40.6563335,-73.9382852,None
Goodhue Center Go!Healthy Farm Stand,Greenmarkets/Farmstand/Fresh Food Box,"304 Prospect Ave, Staten Island, NY 10301, USA",40.6378411,-74.097889,None
Fordham Plaza Greenmarket,Greenmarkets/Farmstand/Fresh Food Box,"E Fordham Rd &, Park Ave, Bronx, NY 10458, USA",40.8609835,-73.8910657,None
McCarren Park Greenmarket,Greenmarkets/Farmstand/Fresh Food Box,"Union Ave &, N 12th St, Brooklyn, NY 11206, USA",40.7196532,-73.9525446,None
South Bronx Farmers Market,Greenmarkets/Farmstand/Fresh Food Box,"330 E 138th St, Bronx, NY 10454, USA",40.8097437,-73.9247992,None
Isabahlia Farm Stand,Greenmarkets/Farmstand/Fresh Food Box,"93 New Lots Ave, Brooklyn, NY 11212, USA",40.658173,-73.9018059,None
Cortelyou Greenmarket,Greenmarkets/Farmstand/Fresh Food Box,"Cortelyou Road btw Argyle Road &, Rugby Rd, Brooklyn, NY 11226, USA",40.6407582,-73.9657998,None
Stuyvesant Town Greenmarket,Greenmarkets/Farmstand/Fresh Food Box,"Avenue A &, 14th St Loop, New York, NY 10009, USA",40.7314086,-73.9781742,None
KSP SUPERMARKET INC,Grocery Stores,"1486 Lexington Ave, New York, NY 10128, USA",40.7856602,-73.9512563,None
206-16 HOLLIS AVE FOOD CORP,Grocery Stores,"206-16 Hollis Ave, Queens Village, NY 11429, USA",40.707223,-73.7504973,None
FOOD CONNECTION II INC,Grocery Stores,"79-15 Eliot Ave, Middle Village, NY 11379, USA",40.7249461,-73.8796952,None
PACIFIC SUPERMARKET INC,Grocery Stores,"75-01 Broadway, Queens, NY 11373, USA",40.7465006,-73.8902882,None
GEMSTONE SUPERMARKETS INC,Grocery Stores,"61-46 Springfield Blvd, Queens, NY 11364, USA",40.7478521,-73.756396,None
48 BURNSIDE FOOD CORP,Grocery Stores,"40-48 W Burnside Ave, Bronx, NY 10453, USA",40.8536792,-73.9093698,None
250 WILLIS AVE MT&PRODUCE FD CORP,Grocery Stores,"250 Willis Ave, Syosset, NY 11791, USA",40.820772,-73.5110368,None
GOOD FORTUNE SUPERMARKET OF FLUSH,Grocery Stores,"42-76 Main St, Flushing, NY 11355, USA",40.7530045,-73.8275228,None
FLUSHING 4424 SUPERMARKET CORP,Grocery Stores,"4424 Kissena Blvd, Flushing, NY 11355, USA",40.753357,-73.8224039,None
LYF MEAT&PRODUCE CORP,Grocery Stores,"3004 E Burnside St, Portland, OR 97214, USA",45.5227455,-122.6347279,None
GEMSTONE SUPERMARKETS INC,Grocery Stores,"183-14 Hillside Avenue, Queens, NY 11432, USA",40.7135594,-73.7781325,None
SIMPLY FOOD LIC LLC,Grocery Stores,"4-85 47th Rd, Long Island City, NY 11101, USA",40.7455501,-73.9563318,None
ROCKAWAY SUPERMARKET CORP,Grocery Stores,"87-15 Rockaway Beach Blvd, Far Rockaway, NY 11693, USA",40.5869646,-73.8125896,None
YS FOOD CORP,Grocery Stores,,-,-,None
PARSONS MEAT & PRODUCE INC,Grocery Stores,"2411 N 16th St, Parsons, KS 67357, USA",37.354975,-95.258765,None
DYNASTY VI FOOD CORP,Grocery Stores,,-,-,None
GOLDEN KEY FOOD STORE INC,Grocery Stores,"30-13 36th Ave, Astoria, NY 11106, USA",40.7567969,-73.9298985,None
37TH AVE MARKET INC,Grocery Stores,"35-60 Junction Blvd, Queens, NY 11368, USA",40.7516635,-73.8712636,None
YOU JIN CORP,Grocery Stores,"81-29 Lefferts Blvd, Queens, NY 11415, USA",40.7086042,-73.8302983,None
AMANA FOOD LLC,Grocery Stores,,-,-,None
S&K VEGETABLES CORP,Grocery Stores,"3804 W 8th St, Coffeyville, KS 67337, USA",37.0366406,-95.6714121,None
AUSTIN FRUIT&VEGETABLE CORP,Grocery Stores,"6739 S Congress Ave, Austin, TX 78745, USA",30.1917331,-97.7785775,None
BOGOPA 58-01 LLC,Grocery Stores,"58-01 Junction Blvd, Queens, NY 11373, USA",40.7359786,-73.8651992,None
MARKELLA CORP,Grocery Stores,,-,-,None
ALI & OMER LLC,Grocery Stores,"144 N 6th St, Louisville, KY 40202, USA",38.258481,-85.759796,None
BOSTON POST FOOD CORP,Grocery Stores,"4062 Boston Rd, Bronx, NY 10475, USA",40.8852906,-73.828972,None
HB FOODIES INC,Grocery Stores,"156-18 Cross Bay Blvd, Queens, NY 11414, USA",40.6635116,-73.8412415,None
144 MEAT INC,Grocery Stores,"144-28 Lakewood Ave, Jamaica, NY 11435, USA",40.6897531,-73.803113,None
DC FLUSHING MARKET CORP,Grocery Stores,"133-54 41st Ave, Flushing, NY 11355, USA",40.7578587,-73.8300406,None
NAHRED SUPERMARKETS INC,Grocery Stores,"22501 Merrick Blvd, Queens, NY 11413, USA",40.6776341,-73.7444269,None
DANS SUPREME SUPERMARKETS INC,Grocery Stores,"214-14 73rd Ave, Oakland Gardens, NY 11364, USA",40.740244,-73.7595992,None
URBAN FRESH CORP,Grocery Stores,,-,-,None
HILLSIDE K FOOD CORP,Grocery Stores,"202-15 Hillside Avenue, Queens, NY 11423, USA",40.7206862,-73.7616416,None
ROCHDALE MEAT & PRODUCE LLC,Grocery Stores,"14809 Guy R Brewer Blvd, Rochdale, NY 11434, USA",40.659231,-73.767417,None
GEMSTONE SUPERMARKETS INC,Grocery Stores,"164-5 69th Ave, Queens, NY 11365, USA",40.7333248,-73.8044724,None
FLUSHING MARKET INC,Grocery Stores,"16002 46th Ave, Flushing, NY 11358, USA",40.7537289,-73.8065717,None
130-10 FOOD CORP,Grocery Stores,"130-10 Metropolitan Ave, Richmond Hill, NY 11418, USA",40.7032413,-73.8216325,None
700 FOOTHILL FOOD CO LLC,Grocery Stores,"11411 Lefferts Blvd, Jamaica, NY 11420, USA",40.6783662,-73.8199933,None
QUEENS SHOPRITE ASSOCIATES LLC,Grocery Stores,"133-11 20th Ave, Queens, NY 11356, USA",40.78322,-73.8351061,None
OUR BETTER FUTURE INC,Grocery Stores,,-,-,None
CLINTON SUPERMARKET&MALL CORP,Grocery Stores,"175 Clinton St, New York, NY 10002, USA",40.7156249,-73.9871454,None
BOGOPA FLATLANDS INC,Grocery Stores,"650 Fountain Ave, Brooklyn, NY 11208, USA",40.6644913,-73.8704074,None
4209 MEAT & PRODUCE CORP,Grocery Stores,"8045 Co Rd 4209, Campbell, TX 75422, USA",33.1827698,-95.9058209,None
J&T SUPERMARKET INC,Grocery Stores,,-,-,None
SARMAN FOOD CORP,Grocery Stores,"108-79 Roosevelt Ave, Queens, NY 11368, USA",40.7517045,-73.8562128,None
REVO FOOD CORP,Grocery Stores,"108-02 Otis Ave, Queens, NY 11368, USA",40.7411305,-73.8536086,None
AD 2096 GRAND CORP,Grocery Stores,"2096 Grand Concourse, Bronx, NY 10457, USA",40.8539747,-73.9017534,None
TAVERAS FOOD MARKET LLC,Grocery Stores,,-,-,None
DOLCO FOOD CORP,Grocery Stores,"102-02 101st Ave, Ozone Park, NY 11416, USA",40.6857041,-73.8405319,None
LIC MARKET CORP,Grocery Stores,"21-52 44th Dr, Long Island City, NY 11101, USA",40.7475209,-73.9454454,None
HB&SON MEAT CORP,Grocery Stores,"Huntington Beach, CA, USA",33.6594835,-117.9988026,None
ET&K FOODS INC,Grocery Stores,"6000 Universal Blvd, Orlando, FL 32819, USA",28.4775913,-81.4665209,None
NATIONAL GROCERY CO INC,Grocery Stores,"237-243 Avenue U, Brooklyn, NY 11223, USA",40.5968732,-73.9754816,None
74-39 MEAT CORP,Grocery Stores,"74-39 Jamaica Ave, Queens, NY 11421, USA",40.6916691,-73.8666713,None
HAN HEE INC,Grocery Stores,"59-18 Woodside Ave, Queens, NY 11377, USA",40.7449933,-73.9050497,None
GURABO PRODUCE CORP,Grocery Stores,"45-02 Junction Blvd, Corona, NY 11368, USA",40.7445207,-73.8679371,None
GREEN APPLE SUPERMARKET OF LIC IN,Grocery Stores,"38-50 21st St, Long Island City, NY 11101, USA",40.7563515,-73.9409159,None
50-01 MEAT CORP,Grocery Stores,"50-01 2nd St, Long Island City, NY 11101, USA",40.7434432,-73.958277,None
SANTIAGO MEAT & PRODUCE INC,Grocery Stores,"898 Havendale Blvd NW, Winter Haven, FL 33881, USA",28.0430695,-81.7365208,None
96 MEAT & PRODUCE CORP,Grocery Stores,"5222 SR 96, Jeffersonville, GA 31044, USA",32.6185176,-83.3709731,None
SUN HUI FOOD CORP,Grocery Stores,,-,-,None
92-02 MARKET CORP,Grocery Stores,"92-02 63rd Dr, Flushing, NY 11374, USA",40.7275261,-73.863814,None
ESPERANZA MEAT CORP,Grocery Stores,"84-12 97th Ave, Jamaica, NY 11416, USA",40.6832814,-73.8555933,None
DASAE CORP,Grocery Stores,"Ascan Ave, Flushing, NY 11375, USA",40.7184535,-73.8409079,None
KRISHNA HOLDINGS INC,Grocery Stores,"249-12 Hillside Avenue, Queens, NY 11426, USA",40.7352768,-73.7178787,None
AC ROOSEVELT FOOD CORP,Grocery Stores,"59-15 Roosevelt Ave, Queens, NY 11377, USA",40.7456239,-73.9048246,None
ITTADI SUPERMARKET LLC,Grocery Stores,"168-07 Hillside Avenue, Jamaica, NY 11432, USA",40.7103,-73.7945333,None
GOLD CITY SUPERMARKET INC,Grocery Stores,"46-31 Kissena Blvd, Queens, NY 11355, USA",40.7502386,-73.8179222,None
PONGO FOOD CORP,Grocery Stores,"3742 3rd Ave., Bronx, NY 10456, USA",40.8360585,-73.902622,None
CHANG JIANG SUPERMARKET INC,Grocery Stores,"41-41 Kissena Blvd, Queens, NY 11355, USA",40.7578155,-73.8280067,None
HILLSIDE 175 MEAT CORP,Grocery Stores,"175-35 Hillside Avenue, Queens, NY 11432, USA",40.7120738,-73.7868672,None
NOKIB INC,Grocery Stores,"166-11 Hillside Avenue 1st FL, Queens, NY 11432, USA",40.7098774,-73.7958272,None
CHUNG FAT SUPERMARKET INC,Grocery Stores,"41-82 Main St, Queens, NY 11355, USA",40.7555865,-73.8286305,None
JN NATURAL FRUIT CORP,Grocery Stores,"202 6th Ave, New York, NY 10013, USA",40.7267557,-74.0030858,None
DANS SUPREME SUPERMARKETS INC,Grocery Stores,"153-55 Cross Island Pkwy, Whitestone, NY 11357, USA",40.7883333,-73.8097222,None
KEY FOOD CS 3 LLC,Grocery Stores,"77-55 31st Ave, East Elmhurst, NY 11370, USA",40.7599075,-73.8921608,None
CONEJO MEAT CORP,Grocery Stores,"67-16 Myrtle Ave, Queens, NY 11385, USA",40.7014547,-73.8853498,None
66-56 MEAT CORP,Grocery Stores,"66-56 Grand Ave, Maspeth, NY 11378, USA",40.7248346,-73.896855,None
GRAND MEAT CORP,Grocery Stores,"66-17 Grand Ave, Maspeth, NY 11378, USA",40.724716,-73.898366,None
ZAHER MEAT CORP,Grocery Stores,"1201 Flushing Ave, Brooklyn, NY 11237, USA",40.7074801,-73.9242556,None
Z&T FOOD CORP,Grocery Stores,United States,37.09024,-95.712891,None
50-18 MEAT CORP,Grocery Stores,"50-18 Skillman Ave, Queens, NY 11377, USA",40.7459613,-73.9138175,None
GREAT WALL SUPERMARKET QUEENS INC,Grocery Stores,"59-16 99th St, Queens, NY 11368, USA",40.7366832,-73.8593831,None
37-54 MEAT&PRODUCE INC,Grocery Stores,,-,-,None
KEY FOOD CS 2 LLC,Grocery Stores,"35-09 Francis Lewis Blvd, Queens, NY 11358, USA",40.7642692,-73.7869357,None
32-11 CHANNEL FOOD CORP,Grocery Stores,"32-11 Beach Channel Dr, Far Rockaway, NY 11691, USA",40.5982026,-73.7660006,None
LGT FOOD CORP,Grocery Stores,"24-18 34th Ave, Queens, NY 11106, USA",40.7611912,-73.9310974,None
STOP & SHOP SUPERMARKET CO LLC TH,Grocery Stores,"18940 S 68th St, Hickman, NE 68372, USA",40.6262664,-96.6290512,None
MERRICK MEAT FARMS INC,Grocery Stores,"234-21 Merrick Blvd, Queens, NY 11422, USA",40.6746592,-73.7353883,None
ZIAD FOOD CORP,Grocery Stores,"22-20 36th Ave, Queens, NY 11106, USA",40.759035,-73.935453,None
STOP & SHOP SUPERMARKET COMPANY L,Grocery Stores,"18940 S 68th St, Hickman, NE 68372, USA",40.6262664,-96.6290512,None
STOP & SHOP SUPERMARKETS CO LLC T,Grocery Stores,"18940 S 68th St, Hickman, NE 68372, USA",40.6262664,-96.6290512,None
KING POLO INC,Grocery Stores,"153-30 89th Ave, Jamaica, NY 11432, USA",40.7053632,-73.8024429,None
WESTERN BEEF RETAIL INC,Grocery Stores,"145-35 Rockaway Blvd, South Ozone Park, NY 11436, USA",40.6738174,-73.792286,None
57TH AVENUE MARKET INC,Grocery Stores,"97-27 57th Ave, Queens, NY 11368, USA",40.7379108,-73.8629487,None
STOP & SHOP SUPERMARKET COMPANY L,Grocery Stores,"18940 S 68th St, Hickman, NE 68372, USA",40.6262664,-96.6290512,None
89-02 FOOD CORP,Grocery Stores,,-,-,None
PJ 37 FOOD CORP,Grocery Stores,"85-08 37th Ave, Jackson Heights, NY 11372, USA",40.7499735,-73.8809706,None
7915 PRODUCE & MEAT INC,Grocery Stores,"Georgia 31513, USA",31.8410299,-82.3522489,None
LARA FOOD CORP,Grocery Stores,,-,-,None
SWF FOOD CORP,Grocery Stores,"76-10 37th Ave, Queens, NY 11372, USA",40.749059,-73.889814,None
HEX FOODS INC,Grocery Stores,"6401 Fresh Pond Rd, Ridgewood, NY 11385, USA",40.7102006,-73.8989176,None
BFF FOOD CORP,Grocery Stores,"47-33 Bell Blvd, Queens, NY 11361, USA",40.7559637,-73.7668642,None
YONG FA SUPERMARKET INC,Grocery Stores,"59-12 Main St, Flushing, NY 11355, USA",40.7434776,-73.8259094,None
M&D 21 FOOD CORP,Grocery Stores,"701 W 11th St, Coffeyville, KS 67337, USA",37.0325864,-95.6258359,None
MANDELL FOOD STORES INC,Grocery Stores,,-,-,None
BONILLA FOOD CORP,Grocery Stores,,-,-,None
JGF NY CORP,Grocery Stores,"89-01 165th St, Jamaica, NY 11432, USA",40.7076869,-73.7960999,None
AN&BROTHERS INC,Grocery Stores,"25630 Kuykendahl Rd, Tomball, TX 77375, USA",30.1325588,-95.5527954,None
MI TIERRA MEAT&PRODUCE CORP,Grocery Stores,"6722 Camp Bowie Blvd, Fort Worth, TX 76116, USA",32.72235,-97.4331278,None
FIVE AND ONE FOOD STORES INC,Grocery Stores,"213-22 Jamaica Ave, Queens, NY 11428, USA",40.716078,-73.743798,None
K&J ROCHDALE FOOD CORP,Grocery Stores,"Otter Creek, IA 52079, USA",42.2408903,-90.6805565,None
MERRICK MEAT MARKET INC.,Grocery Stores,"108-30 Merrick Blvd, Jamaica, NY 11433, USA",40.6972309,-73.7858815,None
MS FAMILY FOOD CORP,Grocery Stores,,-,-,None
GW OF FLUSHING I INC,Grocery Stores,"137, 45/61 Northern Blvd, Flushing, NY 11354, USA",40.7640785,-73.8291615,None
CALHOUN FOODS LLC,Grocery Stores,"135-46 Lefferts Blvd, Queens, NY 11420, USA",40.6691667,-73.8216667,None
LIBERTY KING PRODUCE INC,Grocery Stores,"South Richmond Hill, NY 11419, USA",40.691375,-73.8120474,None
LIBERTY PRODUCE INC,Grocery Stores,"127-16 111th Ave, South Ozone Park, NY 11420, USA",40.6825793,-73.8135993,None
PARADISE FRESH FOODS LLC,Grocery Stores,"123-12 101st Ave, Jamaica, NY 11419, USA",40.6908569,-73.8220138,None
116-15 GMV CORP,Grocery Stores,,-,-,None
MANDELL FOOD STORES INC,Grocery Stores,"32-21 Newtown Ave, Queens, NY 11102, USA",40.766613,-73.9198074,None
102-14 FOOD CORP,Grocery Stores,"102-14 37th Ave, Corona, NY 11368, USA",40.7530501,-73.8646801,None
SEVEN&ONE FOOD LLC,Grocery Stores,"7 S High St #2102, Belleville, IL 62220, USA",38.5132257,-89.9831086,None
HB 84 FOOD CORP,Grocery Stores,,-,-,None
SEOUL SHOPPING INC,Grocery Stores,"Seoul, South Korea",37.566535,126.9779692,None
FOOD JUNGLE INC,Grocery Stores,"119-14 Sutphin Blvd, Jamaica, NY 11434, USA",40.6785469,-73.7916794,None
NEW APNA SOHNA BAZAAR INC,Grocery Stores,"117-10 Rockaway Blvd, South Ozone Park, NY 11420, USA",40.6762176,-73.8205869,None
RL FOOD CORP,Grocery Stores,"116-34 Queens Blvd, Queens, NY 11375, USA",40.7152028,-73.8329444,None
RCR FOOD CORP,Grocery Stores,"108-27 Queens Blvd, Forest Hills, NY 11375, USA",40.7213225,-73.8427793,None
CALVI SUPERMARKET INC,Grocery Stores,"107-66 Cross Bay Blvd, Queens, NY 11417, USA",40.677104,-73.8441569,None
RYAN FOOD CORP,Grocery Stores,"105-35 64th Rd, Forest Hills, NY 11375, USA",40.7324155,-73.8502672,None
SEA TOWN FISH&MEAT MARKET INC,Grocery Stores,"103-25 Roosevelt Ave, Queens, NY 11368, USA",40.7501109,-73.8620528,None
NORTHERN MEAT & PRODUCE CORP,Grocery Stores,"M211 Staadt Ave N, Marshfield, WI 54449, USA",44.7036609,-90.1204039,None
VERT FOODS CORP,Grocery Stores,"7256 Austin St, Queens, NY 11375, USA",40.718418,-73.8408648,None
FOOD EXPRESS INC,Grocery Stores,"39-39 63rd St, Queens, NY 11377, USA",40.7455124,-73.9010654,None
TRIPLE FOOD CORP,Grocery Stores,"10502 34th Ave, Corona, NY 11368, USA",40.7558869,-73.8632613,None
FOOD STORY NATURAL MARKET 111 INC,Grocery Stores,"23-38 31st St, Queens, NY 11105, USA",40.7737266,-73.9140825,None
H MART BAYSIDE LLC,Grocery Stores,"46-40 Francis Lewis Blvd, Queens, NY 11361, USA",40.7536215,-73.781519,None
CALIFORNIA FARMERS MARKET INC,Grocery Stores,"2161 31st St, Astoria, NY 11105, USA",40.7765499,-73.9099298,None
STOP&SHOP SUPERMARKET CO LLC THE,Grocery Stores,"18940 S 68th St, Hickman, NE 68372, USA",40.6262664,-96.6290512,None
CP FAMILY MARKET CORP,Grocery Stores,,-,-,None
LIBERTY FRUITS&PRODUCE CORP,Grocery Stores,"1276 Argentine Blvd, Kansas City, KS 66105, USA",39.0804476,-94.6425645,None
A&E FOOD CO INC,Grocery Stores,,-,-,None
109 MEAT & PRODUCE CORP,Grocery Stores,"1035 NY-109, Farmingdale, NY 11735, USA",40.7247587,-73.4297373,None
TANIA&LEENA LLC,Grocery Stores,"3204 Crooks Rd, Royal Oak, MI 48073, USA",42.517662,-83.1644363,None
CHERRY VALLEY MARKET PLACE,Grocery Stores,"925 Crescent St #5515, Brooklyn, NY 11208, USA",40.6647936,-73.8671293,None
SRY FOOD CORP,Grocery Stores,"171-11 Linden Blvd, Queens, NY 11434, USA",40.6919828,-73.7785934,None
BOGOPA-JUNCTION INC,Grocery Stores,"34-20 Junction Blvd, Queens, NY 11372, USA",40.7541526,-73.8726421,None
CORO FOOD CORP,Grocery Stores,"4911 30th Ave, Woodside, NY 11377, USA",40.760443,-73.907069,None
SUPER HK SUPRMRKT OF FLUSHING LP,Grocery Stores,"3711 Main St, Flushing, NY 11354, USA",40.7613775,-73.8303723,None
PST HEALTH LLC,Grocery Stores,"6th Ave, New York, NY, USA",40.742903,-73.9927978,None
FAD OZONE FOOD CORP,Grocery Stores,"101-16 77th St, Queens, NY 11416, USA",40.6796684,-73.8610229,None
BOGOPA INC,Grocery Stores,,-,-,None
TREE OF LIFE NY INC,Grocery Stores,"37-2 Union St, Flushing, NY 11354, USA",40.7621392,-73.8277292,None
STOP & SHOP SUPERMARKET CO LLC TH,Grocery Stores,"18940 S 68th St, Hickman, NE 68372, USA",40.6262664,-96.6290512,None
WESTERN BEEF RETAIL INC,Grocery Stores,"130-35 Merrick Blvd, Queens, NY 11434, USA",40.6806432,-73.7616971,None
VARGAS&RODRIGUEZ SUPERMARKET INC,Grocery Stores,"2102 Postoffice St, Galveston, TX 77550, USA",29.3052268,-94.7913854,None
PAK O AVENUE CORP,Grocery Stores,"97 Avenue O, Brooklyn, NY 11204, USA",40.6106277,-73.9813159,None
GOLDEN PINEAPPLE AVE D CORP,Grocery Stores,"Avenue D, New York, NY 10009, USA",40.7233845,-73.9762583,None
DAGOSTINO SUPERMARKETS INC,Grocery Stores,"578 3rd Ave, New York, NY 10016, USA",40.7484155,-73.9763781,None
M&N GROCERS INC,Grocery Stores,"701 W 11th St, Coffeyville, KS 67337, USA",37.0325864,-95.6258359,None
JJR 66-82 FOOD CORP,Grocery Stores,"6682 Fresh Pond Rd, Flushing, NY 11385, USA",40.706186,-73.897117,None
R&M GLATT SUPERMARKET 108 ST CORP,Grocery Stores,"1403 Columbus Ave, Coffeyville, KS 67337, USA",37.057223,-95.6390221,None
BAYSIDE MILK FARM INC,Grocery Stores,"35-15 Bell Blvd, Bayside, NY 11361, USA",40.7685474,-73.7731793,None
STARBROOK MARKET INC,Grocery Stores,"12410 Liberty Ave, South Richmond Hill, NY 11419, USA",40.68773,-73.819603,None
HCTK CORP,Grocery Stores,"117-1 Liberty Ave, South Richmond Hill, NY 11419, USA",40.6861331,-73.8258059,None
SIMPLY FOOD COURT SQUARE LLC,Grocery Stores,"43-18 Crescent St, Queens, NY 11101, USA",40.748215,-73.942964,None
TRADER JOES EAST INC,Grocery Stores,"9030 Metropolitan Ave, Queens, NY 11374, USA",40.710916,-73.8582626,None
GREEN VALLEY CORP,Grocery Stores,"89-45 163rd St, Jamaica, NY 11432, USA",40.7059193,-73.7974318,None
STOP&SHOP SUPERMARKET CO LLC THE,Grocery Stores,"18940 S 68th St, Hickman, NE 68372, USA",40.6262664,-96.6290512,None
CHLOE 89 FOOD CORP,Grocery Stores,"89-30 Sutphin Blvd, Queens, NY 11435, USA",40.7029676,-73.8087302,None
3315 MEAT CORP,Grocery Stores,"1201 Flushing Ave, Brooklyn, NY 11237, USA",40.7074801,-73.9242556,None
GITTO&SONS HEALTH FOOD INC,Grocery Stores,"2 Court St #203, Binghamton, NY 13901, USA",42.098097,-75.9152034,None
CL SUPERMARKET INC,Grocery Stores,"4033 Main St, Flushing, NY 11354, USA",40.7586579,-73.8294491,None
DAR FOOD CORP,Grocery Stores,"44-07 Greenpoint Ave, Sunnyside, NY 11104, USA",40.7416123,-73.9206542,None
HAR NORTHERN INC,Grocery Stores,"156-40 Northern Blvd, Queens, NY 11354, USA",40.7630564,-73.8090659,None
NEW YORK MART ROOSEVELT INC,Grocery Stores,"142-41 Roosevelt Ave, Queens, NY 11354, USA",40.761053,-73.8246529,None
JARU FOOD CORP,Grocery Stores,,-,-,None
KWONS CORP,Grocery Stores,"29-02 Union St, Queens, NY 11354, USA",40.7720996,-73.8269108,None
SKY FOODS MARKET INC,Grocery Stores,"4024 College Point Blvd, Flushing, NY 11354, USA",40.7570873,-73.8354208,None
1239 FOOD CORP,Grocery Stores,"1239 St Nicholas Ave, New York, NY 10032, USA",40.8434234,-73.9384576,None
DYNASTY MEAT CORP,Grocery Stores,"1201 Flushing Ave, Brooklyn, NY 11237, USA",40.7074801,-73.9242556,None
BERRY FRESH FARM INC,Grocery Stores,"43-26 Ditmars Blvd, Queens, NY 11105, USA",40.7701486,-73.9045645,None
WESTERN BEEF RETAIL INC,Grocery Stores,"44-44 College Point Blvd, Flushing, NY 11355, USA",40.7525531,-73.8327692,None
REGO PARK AJ MET INC,Grocery Stores,"97-36 63rd Rd, Queens, NY 11374, USA",40.7313889,-73.8594444,None
PENZO FOOD CORP,Grocery Stores,,-,-,None
JCA FOOD CORP,Grocery Stores,"84-05 Parsons Blvd, Queens, NY 11432, USA",40.714036,-73.806995,None
SALAT MEAT & GROCERY CORP,Grocery Stores,"3607 Main St, Stone Ridge, NY 12484, USA",41.8508969,-74.1408046,None
EAST 93RD ST FOOD CORP,Grocery Stores,"80 E 93rd St, Brooklyn, NY 11212, USA",40.6624926,-73.9272262,None
BH KEYFOOD NY LLC,Grocery Stores,"220-46 Hillside Avenue, Queens Village, NY 11427, USA",40.7309718,-73.7421659,None
HAN NAM CHAIN CORP,Grocery Stores,"141-40 Northern Blvd, Flushing, NY 11354, USA",40.76428,-73.8239893,None
ROCKAWAY PRODUCE INC,Grocery Stores,"127-20 Rockaway Blvd, South Ozone Park, NY 11420, USA",40.674849,-73.810129,None
STOP&SHOP SUPERMARKET CO LLC THE,Grocery Stores,"18940 S 68th St, Hickman, NE 68372, USA",40.6262664,-96.6290512,None
AD BRONX FOOD CORP,Grocery Stores,"1791 Jerome Ave, Bronx, NY 10453, USA",40.8491827,-73.9115351,None
FAIRWAY DOUGLASTON LLC,Grocery Stores,"242-02 61st Ave, Queens, NY 11362, USA",40.7547747,-73.7398717,None
WESTERN BEEF RETAIL INC,Grocery Stores,"47-05 Metropolitan Ave, Queens, NY 11385, USA",40.7141938,-73.9198147,None
CRYSTAL & CHRIS FOOD CORP,Grocery Stores,"Crystal Bridges Museum of American Art, 600 Museum Way, Bentonville, AR 72712, USA",36.3818542,-94.2026525,None
HMSM SUPERMARKETS INC,Grocery Stores,"102-21 Queens Blvd, Queens, NY 11375, USA",40.7259101,-73.8508071,None
FT 4620 FOOD CORP,Grocery Stores,"46-20 108th St, Flushing, NY 11368, USA",40.746735,-73.85693,None
AMAL MEAT CORP,Grocery Stores,"1201 Flushing Ave, Brooklyn, NY 11237, USA",40.7074801,-73.9242556,None
RASPBERRY FARM MARKET INC,Grocery Stores,"150-15 14th Ave, Queens, NY 11357, USA",40.7892077,-73.8131023,None
NOSTRAND MEAT CORP,Grocery Stores,"1889 Nostrand Ave., Brooklyn, NY 11226, USA",40.6395122,-73.9480997,None
SEA TOWN CORONA NY LLC,Grocery Stores,"103-25 Roosevelt Ave, Queens, NY 11368, USA",40.7501109,-73.8620528,None
NAMDOR INC,Grocery Stores,"4037 Broadway #170TH, New York, NY 10032, USA",40.8423654,-73.9394953,None
DEIRDRE MAEVES SUPERMARKET INC,Grocery Stores,"202-36 Rockaway Point Blvd, Queens, NY 11697, USA",40.5614151,-73.9124215,None
GRANDE MUNDO LLC,Grocery Stores,,-,-,None
4125 MEAT CORP,Grocery Stores,"1201 Flushing Ave, Brooklyn, NY 11237, USA",40.7074801,-73.9242556,None
THE BRAND FOOD SELLERS INC,Grocery Stores,"96-09 Liberty Ave, Ozone Park, NY 11417, USA",40.680903,-73.84285,None
90-01 JARABACOA FOOD CORP,Grocery Stores,"90-01 Jamaica Ave, Queens, NY 11421, USA",40.6930136,-73.8546158,None
AO XIN ZHOU SUPERMARKETS INC,Grocery Stores,"88-13 Liberty Ave, Ozone Park, NY 11417, USA",40.6800975,-73.8502321,None
ALMONTE MILL FOOD CORP,Grocery Stores,"6620 Avenue U, Brooklyn, NY 11234, USA",40.6172155,-73.909436,None
NEW GOLDEN SPARKLING SUPERMKT INC,Grocery Stores,"86-18 Broadway, Queens, NY 11373, USA",40.738203,-73.877445,None
YOGI ORGANIC MARKET INC,Grocery Stores,"84-01 37th Ave, Queens, NY 11372, USA",40.7501735,-73.8822451,None
